{
  "info": "Instance_M005",
  "objective": 242834.32404657162,
  "outputs": [
    {
      "weight": [
        [
          538.8,
          643.6,
          242.30000000000007,
          0.0,
          0.0,
          0.0
        ],
        [
          538.8,
          566.7,
          0.0,
          0.0,
          0.0,
          0.0
        ],
        [
          538.8,
          316.20000000000005,
          504.3,
          0.0,
          0.0,
          0.0
        ],
        [
          538.8,
          473.70000000000005,
          0.0,
          0.0,
          0.0,
          0.0
        ]
      ],
      "quality": [
        [
          67.792837790412,
          0.7201670527128516,
          1.4760167052712847,
          1.7437144662034112,
          0.4673348775180739,
          3.4776886362041126
        ],
        [
          72.09511261872456,
          0.7083120759837178,
          1.366168249660787,
          1.2163880597014927,
          0.5218453188602442,
          3.027145183175034
        ],
        [
          61.95037298609579,
          0.8121915691900244,
          1.2422003972632973,
          2.350527477378062,
          0.4397351578018098,
          3.984954756124476
        ],
        [
          71.86411555555556,
          0.7320385185185186,
          1.2555940740740743,
          1.2114637037037037,
          0.5330370370370371,
          3.019534814814815
        ]
      ]
    }
  ]
}