{
  "info": "Instance_M005",
  "objective": 212903.22798777107,
  "outputs": [
    {
      "weight": [
        [
          0.0,
          358.0,
          610.0,
          0.0,
          0.0,
          0.0
        ],
        [
          0.0,
          0.0,
          610.0,
          413.0,
          0.0,
          0.0
        ],
        [
          0.0,
          576.0,
          0.0,
          176.52798053528,
          232.47201946472003,
          0.0
        ],
        [
          0.0,
          576.0,
          0.0,
          117.76315789473684,
          439.2368421052632,
          0.0
        ]
      ],
      "quality": [
        [
          65.12076446280993,
          0.5766735537190083,
          2.044690082644628,
          3.78797520661157,
          0.5808264462809918,
          5.0526446280991735
        ],
        [
          71.79645161290323,
          0.6876832844574782,
          1.6125806451612903,
          4.42377321603128,
          0.7045943304007821,
          5.34969696969697
        ],
        [
          65.55,
          1.3742697148220882,
          4.1604435634270756,
          0.8563590598638953,
          0.5231884594958441,
          4.179721071547668
        ],
        [
          69.41754958888836,
          1.3015599015190227,
          4.288592000743253,
          0.9674638825660798,
          0.49000000000000005,
          4.054317368885585
        ]
      ]
    }
  ]
}