{
  "info": "Instance_M003",
  "objective": 247591.3337547146,
  "outputs": [
    {
      "weight": [
        0.0,
        0.0,
        859.5,
        0.0,
        220.70000000000005,
        0.0
      ],
      "quality": [
        94.95473893723386,
        1.008184595445288,
        3.7656082206998702,
        0.8567885576745048,
        1.0296704314015923,
        4.709544528790964
      ]
    },
    {
      "weight": [
        728.7,
        555.5,
        3.7999999999999545,
        0.0,
        0.0,
        0.0
      ],
      "quality": [
        73.09316692546584,
        0.95102950310559,
        0.7969293478260869,
        3.1076319875776397,
        1.1375892857142857,
        5.278383540372671
      ]
    }
  ]
}