{
  "info": "Instance_M003",
  "objective": 61380.06682427552,
  "outputs": [
    {
      "weight": [
        [
          0.0,
          659.0,
          0.0,
          0.0,
          190.2166064981949,
          321.7833935018051
        ],
        [
          0.0,
          659.0,
          0.0,
          131.8333333333333,
          224.1666666666667,
          0.0
        ]
      ],
      "quality": [
        [
          78.35838534746135,
          1.063512225349681,
          2.3240766169184908,
          0.7987851723510713,
          0.16054355097775047,
          3.5
        ],
        [
          76.77378489326765,
          1.2449178981937603,
          1.6064466338259444,
          1.411663382594417,
          0.29,
          3.8587848932676523
        ]
      ]
    }
  ]
}