{
  "info": "Instance_M003",
  "objective": 81440.1939933407,
  "outputs": [
    {
      "weight": [
        [
          0.0,
          443.01366459627314,
          605.8863354037269,
          0.0,
          0.0,
          0.0
        ],
        [
          0.0,
          510.4,
          213.2412698412699,
          299.2587301587301,
          0.0,
          0.0
        ]
      ],
      "quality": [
        [
          91.00832298136646,
          1.0229813664596272,
          3.7014906832298133,
          0.8654658385093166,
          0.5022981366459626,
          4.829999999999999
        ],
        [
          92.94673286501033,
          0.8900000000000001,
          2.5888648675490016,
          2.4018101972760295,
          0.49177478597265484,
          4.215153322253724
        ]
      ]
    }
  ]
}