{
  "info": "Instance_M008",
  "objective": 579625.6729564406,
  "outputs": [
    {
      "weight": [
        [
          637.3,
          381.3,
          472.1,
          0.0,
          74.80000000000018,
          0.0,
          0.0,
          0.0
        ],
        [
          637.3,
          381.3,
          149.20000000000005,
          0.0,
          0.0,
          0.0,
          0.0,
          0.0
        ],
        [
          0.0,
          381.3,
          472.1,
          0.0,
          308.00000000000006,
          0.0,
          0.0,
          0.0
        ],
        [
          288.27741537955956,
          381.3,
          472.1,
          119.90593370029566,
          131.41665092014466,
          0.0,
          0.0,
          0.0
        ]
      ],
      "quality": [
        [
          56.48287320344938,
          0.9184829128074099,
          1.8951427658894924,
          2.2204790801660823,
          1.0184937719578409,
          4.414601724688598
        ],
        [
          56.46549494776503,
          0.8160661072101388,
          1.9322623736941258,
          1.6770611406062685,
          1.0029380030827197,
          3.9037446480561737
        ],
        [
          54.88239624591011,
          1.1589994833821249,
          1.4406707422076803,
          3.668348544859652,
          0.8106466333735147,
          5.845224728775615
        ],
        [
          55.03999999999999,
          0.9795136441090008,
          1.9446683247377439,
          2.669878195243034,
          0.8644476161292118,
          4.859999999999999
        ]
      ]
    }
  ]
}