{
  "info": "Instance_M005",
  "objective": 852358.9662506632,
  "outputs": [
    {
      "weight": [
        0.0,
        0.0,
        0.0,
        14.400000000000091,
        1370.5,
        0.0
      ],
      "quality": [
        79.61593472452884,
        1.6838833128745756,
        2.517676366524659,
        2.3047151418875007,
        0.04343129467831614,
        4.284679038197704
      ]
    },
    {
      "weight": [
        0.0,
        793.7213728549143,
        0.0,
        457.8786271450856,
        0.0,
        0.0
      ],
      "quality": [
        55.00000000000001,
        0.15,
        4.073166926677067,
        1.0782995319812794,
        0.17975039001560061,
        4.140226209048362
      ]
    },
    {
      "weight": [
        0.0,
        0.0,
        1006.0312500000001,
        271.4687499999999,
        0.0,
        0.0
      ],
      "quality": [
        51.728875,
        0.9847500000000002,
        4.2315000000000005,
        1.0626250000000002,
        1.0,
        3.682625
      ]
    },
    {
      "weight": [
        0.0,
        29.58469827586282,
        185.26874999999995,
        0.0,
        0.0,
        965.1465517241372
      ],
      "quality": [
        67.85568897026592,
        0.4881912295441261,
        3.5878253360607832,
        3.2897465973845685,
        0.4390091503506719,
        3.5
      ]
    }
  ]
}