{
  "info": "Instance_M004",
  "objective": 121348.23542470914,
  "outputs": [
    {
      "weight": [
        [
          240.0,
          497.0,
          0.0,
          347.48344370860946,
          235.51655629139054,
          0.0
        ],
        [
          240.0,
          497.0,
          0.0,
          415.0,
          484.0,
          0.0
        ]
      ],
      "quality": [
        [
          46.21659652819587,
          1.2678925346177001,
          1.9766757475416419,
          1.7274902167369057,
          0.6886754465181617,
          4.9
        ],
        [
          47.12666870415649,
          1.2585268948655255,
          1.873856968215159,
          1.78578239608802,
          0.6986735941320295,
          4.586680929095355
        ]
      ]
    }
  ]
}