{
  "info": "Instance_M006",
  "objective": 295115.98623949994,
  "outputs": [
    {
      "weight": [
        1324.6,
        0.0,
        1.8010928961748789,
        0.0,
        0.0,
        158.9989071038253
      ],
      "quality": [
        78.0423199285431,
        1.4999999999999998,
        0.3385790804633221,
        5.777065411167788,
        0.6776079303030369,
        4.765591745080164
      ]
    },
    {
      "weight": [
        0.0,
        960.8469387755101,
        0.0,
        13.253061224489898,
        0.0,
        0.0
      ],
      "quality": [
        85.97578231292518,
        0.7275510204081633,
        4.96843537414966,
        0.4100000000000003,
        0.14442176870748313,
        4.007482993197279
      ]
    },
    {
      "weight": [
        0.0,
        195.31283440247108,
        14.586072701354226,
        0.0,
        0.0,
        568.7010928961747
      ],
      "quality": [
        70.11034594614785,
        1.529746796477915,
        1.6871629363570069,
        0.49999999999999994,
        0.286388538388834,
        4.07136546348488
      ]
    },
    {
      "weight": [
        0.0,
        325.54022682201884,
        604.0192040514842,
        344.44056912649694,
        0.0,
        0.0
      ],
      "quality": [
        84.97,
        0.7316287938600132,
        3.6341700628698996,
        3.34577991512459,
        0.8622488658418226,
        5.030547906244375
      ]
    }
  ]
}