{
  "info": "Instance_M007",
  "objective": 2579942425.887193,
  "outputs": [
    {
      "weight": [
        [
          0.0,
          0.0,
          0.0,
          583.0,
          0.0,
          0.0,
          0.0,
          690.0
        ],
        [
          0.0,
          0.0,
          234.0,
          583.0,
          0.0,
          0.0,
          0.0,
          693.0
        ],
        [
          0.0,
          0.0,
          625.0,
          583.0,
          0.0,
          0.0,
          0.0,
          0.0
        ],
        [
          0.0,
          0.0,
          0.0,
          583.0,
          0.0,
          0.0,
          512.0,
          548.0
        ]
      ],
      "quality": [
        [
          62.063150039277296,
          0.49147682639434415,
          1.4479418695993715,
          2.026229379418696,
          0.6263786331500393,
          3.2028122545168887
        ],
        [
          65.17186754966887,
          0.47477483443708607,
          1.3088543046357617,
          2.348596026490066,
          0.6711523178807948,
          3.2331059602649006
        ],
        [
          64.61443708609272,
          0.2689983443708609,
          0.9650496688741722,
          2.8114155629139073,
          0.9875662251655629,
          3.3806953642384108
        ],
        [
          56.00818624467438,
          0.8213329275715155,
          2.617522824102252,
          2.706835057821059,
          0.8056360316494219,
          3.338064516129032
        ]
      ]
    }
  ]
}