{
  "info": "Instance_M002",
  "objective": 296373.2955012828,
  "outputs": [
    {
      "weight": [
        [
          270.6,
          146.5999999999999,
          385.4,
          359.5
        ],
        [
          270.6,
          95.0,
          385.4,
          359.5
        ]
      ],
      "quality": [
        [
          60.960325273212284,
          1.1233740641941312,
          5.180326133723431,
          3.0632535926340245,
          1.0418647276482231,
          5.520741760605799
        ],
        [
          59.669991895542545,
          1.1114497973885635,
          5.109713642503376,
          2.9964943719045474,
          1.0280117064385412,
          5.547726249437191
        ]
      ]
    }
  ]
}