{
  "info": "Instance_M009",
  "objective": 356704.78428105894,
  "outputs": [
    {
      "weight": [
        [
          535.6,
          0.0,
          638.2217665615142,
          0.0,
          140.6782334384858,
          0.0,
          0.0,
          0.0
        ],
        [
          535.6,
          0.0,
          651.6,
          0.0,
          0.0,
          0.0,
          0.0,
          363.89999999999986
        ],
        [
          535.6,
          0.0,
          651.6,
          0.0,
          479.20000000000005,
          0.0,
          0.0,
          0.0
        ],
        [
          535.6,
          0.0,
          651.6,
          0.0,
          0.0,
          0.0,
          0.0,
          317.29999999999995
        ],
        [
          535.6,
          0.0,
          651.6,
          0.0,
          9.256031128404475,
          0.0,
          0.0,
          55.343968871595436
        ],
        [
          535.6,
          0.0,
          651.6,
          0.0,
          298.5999999999999,
          0.0,
          0.0,
          0.0
        ]
      ],
      "quality": [
        [
          76.07781777624722,
          0.4902293419791143,
          1.2804265142615787,
          0.5,
          0.39550074454669043,
          3.256791098557343
        ],
        [
          75.15346205918381,
          0.4787118818902714,
          1.203456901553736,
          1.5011785184707622,
          0.3171388047192315,
          3.7520327509509377
        ],
        [
          79.22728276524244,
          0.5891358617378781,
          1.3946111377820452,
          1.0637253960633701,
          0.43141142582813247,
          3.3695199231877098
        ],
        [
          75.06250648055833,
          0.4743356596876039,
          1.2054223994682618,
          1.3661694915254237,
          0.322625456962446,
          3.6954137587238285
        ],
        [
          74.55087408450896,
          0.44751846213048535,
          1.2236572145449074,
          0.43999999999999995,
          0.3627453696249384,
          3.301885944162585
        ],
        [
          77.72944810876295,
          0.5428415668326827,
          1.3429048324135147,
          0.7931202046035803,
          0.41335038363171356,
          3.315979270426706
        ]
      ]
    }
  ]
}