{
  "info": "Instance_M001",
  "objective": 960797.1370403037,
  "outputs": [
    {
      "weight": [
        [
          431.0,
          244.94761904761887,
          176.05238095238113,
          310.0
        ],
        [
          279.0,
          338.0,
          0.0,
          310.0
        ]
      ],
      "quality": [
        [
          77.01028444389804,
          0.7505767969838535,
          4.983322186706009,
          2.844424350463077,
          0.6603852143266944,
          4.949999999999999
        ],
        [
          67.61742179072277,
          0.8950053937432578,
          4.731661272923409,
          2.9355124056094932,
          0.8235167206040992,
          4.6633225458468175
        ]
      ]
    }
  ]
}