{
  "info": "Instance_M004",
  "objective": 226964.27653286653,
  "outputs": [
    {
      "weight": [
        [
          412.8,
          497.1,
          152.00439419795225,
          218.79560580204776,
          0.0,
          0.0
        ],
        [
          266.9,
          497.1,
          322.3,
          0.0,
          0.0,
          0.0
        ]
      ],
      "quality": [
        [
          58.49999999999999,
          1.1076959119519483,
          1.5342004305985608,
          3.057133233718442,
          0.8530994721849798,
          3.7956030848237585
        ],
        [
          53.137429807603795,
          0.9147666390499862,
          1.9249001196722824,
          2.3765727699530514,
          0.9042391604529136,
          3.601094541102826
        ]
      ]
    }
  ]
}