{
  "info": "Instance_M009",
  "objective": 534182971.7496259,
  "outputs": [
    {
      "weight": [
        [
          0.0,
          0.0,
          0.0,
          0.0,
          518.0,
          0.0,
          604.0,
          0.0
        ],
        [
          0.0,
          0.0,
          0.0,
          768.0,
          355.0,
          0.0,
          0.0,
          0.0
        ],
        [
          0.0,
          0.0,
          0.0,
          768.0,
          518.0,
          0.0,
          337.0,
          0.0
        ],
        [
          196.0,
          0.0,
          0.0,
          0.0,
          518.0,
          0.0,
          748.0,
          0.0
        ],
        [
          0.0,
          0.0,
          0.0,
          768.0,
          518.0,
          0.0,
          324.0,
          0.0
        ],
        [
          0.0,
          0.0,
          0.0,
          748.0,
          518.0,
          0.0,
          0.0,
          0.0
        ]
      ],
      "quality": [
        [
          68.22217468805704,
          0.9214795008912656,
          2.134295900178253,
          0.7515329768270945,
          0.6075935828877006,
          3.6186987522281644
        ],
        [
          51.03390917186109,
          0.8199376669634906,
          0.647479964381122,
          2.6517097061442567,
          0.28154942119323234,
          3.907150489759572
        ],
        [
          57.54209488601356,
          0.8691928527418361,
          1.2029143561306224,
          2.067991373998768,
          0.41208872458410345,
          3.745976586568084
        ],
        [
          69.49726402188783,
          0.8469904240766075,
          2.356306429548564,
          1.0226128590971273,
          0.7023255813953488,
          3.856593707250342
        ],
        [
          57.34767701863355,
          0.8671677018633541,
          1.1867080745341614,
          2.078472049689441,
          0.40782608695652167,
          3.7534534161490685
        ],
        [
          51.24698262243287,
          0.802259083728278,
          0.6791153238546603,
          2.390252764612954,
          0.27317535545023697,
          3.994612954186414
        ]
      ]
    }
  ]
}