{
  "info": "Instance_M002",
  "objective": 237121.8229628214,
  "outputs": [
    {
      "weight": [
        0.0,
        615.1,
        380.6,
        0.0
      ],
      "quality": [
        75.3467660942051,
        0.5946359345184293,
        5.888224364768505,
        1.8111328713467914,
        0.3426262930601587,
        4.3358320779351205
      ]
    },
    {
      "weight": [
        372.79999999999995,
        0.0,
        0.0,
        499.0
      ],
      "quality": [
        40.3638449185593,
        1.187304427621014,
        2.9021128699242946,
        4.871032346868547,
        0.8234939206239964,
        4.925739848589126
      ]
    }
  ]
}