{
  "info": "Instance_M008",
  "objective": 298602.1644357145,
  "outputs": [
    {
      "weight": [
        0.0,
        130.7896654275094,
        0.0,
        0.0,
        700.3456753407681,
        0.0,
        61.064659231722516,
        0.0
      ],
      "quality": [
        79.27325609252375,
        1.587903345724907,
        2.121041718298224,
        0.5723490293267246,
        0.9699999999999999,
        3.4999999999999996
      ]
    },
    {
      "weight": [
        851.9,
        0.0,
        0.0,
        0.0,
        0.0,
        0.0,
        0.0,
        0.0
      ],
      "quality": [
        57.669999999999995,
        1.14,
        1.05,
        0.99,
        0.75,
        4.0
      ]
    },
    {
      "weight": [
        364.69999999999993,
        215.0103345724906,
        0.0,
        0.0,
        88.55432465923184,
        0.0,
        1096.0353407682774,
        0.0
      ],
      "quality": [
        80.97601140069735,
        0.8654059031594615,
        2.3186218777613354,
        0.5064655648329062,
        0.38238564869920083,
        3.6343620699427532
      ]
    },
    {
      "weight": [
        0.0,
        0.0,
        0.0,
        0.0,
        0.0,
        132.29999999999995,
        0.0,
        1180.3
      ],
      "quality": [
        45.375068566204476,
        1.2203169282340391,
        0.605378637818071,
        6.25804129209203,
        0.44069099497181174,
        3.784982477525522
      ]
    }
  ]
}