{
  "info": "Instance_M006",
  "objective": 625404.0275246063,
  "outputs": [
    {
      "weight": [
        [
          0.0,
          0.0,
          0.0,
          191.3984293193718,
          363.5,
          238.80157068062826
        ],
        [
          0.0,
          0.0,
          0.0,
          327.2,
          87.02903225806457,
          512.6709677419354
        ],
        [
          0.0,
          4.599926766752016,
          0.0,
          327.2,
          363.5,
          425.80007323324793
        ],
        [
          0.0,
          294.05094339622644,
          0.0,
          327.2,
          278.6490566037736,
          554.0
        ]
      ],
      "quality": [
        [
          65.15417926643524,
          0.8929948211273729,
          4.540817108815693,
          2.3229972420243974,
          0.5857113314471886,
          4.59
        ],
        [
          73.16793881095153,
          0.7703875213597876,
          3.6618042799619963,
          3.4960225378385803,
          0.9600000000000001,
          4.988021605142358
        ],
        [
          68.31,
          0.8676120496944841,
          4.2343286653425105,
          2.742866914102417,
          0.7131621271818713,
          4.707787154956255
        ],
        [
          62.19377655674328,
          1.04,
          4.174862899657006,
          2.9688475499210316,
          0.7591945022301759,
          4.572660274836581
        ]
      ]
    }
  ]
}