{
  "info": "Instance_M007",
  "objective": 1331714756.0130374,
  "outputs": [
    {
      "weight": [
        [
          0.0,
          815.3,
          543.3,
          0.0,
          0.0,
          0.0,
          0.0,
          0.0
        ],
        [
          228.17489177489173,
          281.42510822510826,
          0.0,
          0.0,
          0.0,
          828.9,
          0.0,
          0.0
        ],
        [
          0.0,
          0.0,
          0.0,
          0.0,
          0.0,
          828.9,
          0.0,
          482.5000000000001
        ],
        [
          0.0,
          299.30000000000007,
          0.0,
          0.0,
          0.0,
          828.9,
          0.0,
          0.0
        ]
      ],
      "quality": [
        [
          67.42216693655233,
          0.9799948476372736,
          4.939989695274548,
          2.0216980715442365,
          0.2060216399234506,
          4.109778448402768
        ],
        [
          68.2586135542953,
          1.1546531346875013,
          2.4853916560341665,
          1.0289261708283,
          0.8174250493622925,
          5.0
        ],
        [
          65.93444486807992,
          1.1705658075339331,
          1.4575461339026994,
          2.104254232118347,
          0.8054704895531491,
          5.64236007320421
        ],
        [
          65.47647314305974,
          1.1363304378656267,
          2.4681093777698995,
          0.9308181173550788,
          0.7822558057082076,
          4.859015245523843
        ]
      ]
    }
  ]
}