{
  "info": "Instance_M010",
  "objective": 677540.8329313895,
  "outputs": [
    {
      "weight": [
        [
          0.0,
          0.0,
          672.0,
          0.0,
          190.0,
          0.0,
          0.0,
          0.0
        ],
        [
          0.0,
          0.0,
          672.0,
          302.41290322580636,
          373.58709677419364,
          0.0,
          0.0,
          0.0
        ],
        [
          0.0,
          0.0,
          672.0,
          554.0,
          486.0,
          0.0,
          0.0,
          0.0
        ],
        [
          0.0,
          220.53868194842423,
          418.46131805157574,
          0.0,
          882.0,
          0.0,
          0.0,
          0.0
        ],
        [
          0.0,
          99.0,
          672.0,
          0.0,
          882.0,
          0.0,
          0.0,
          0.0
        ],
        [
          0.0,
          0.0,
          672.0,
          0.0,
          168.0,
          0.0,
          0.0,
          0.0
        ]
      ],
      "quality": [
        [
          61.88013921113689,
          1.2166125290023202,
          0.538584686774942,
          3.42969837587007,
          0.4976334106728539,
          5.338863109048725
        ],
        [
          63.21019306978079,
          1.3910575284770745,
          1.744194888484732,
          3.215500622188188,
          0.4640332152771131,
          5.0
        ],
        [
          64.16181074766355,
          1.4676869158878503,
          2.2518925233644858,
          3.1515771028037385,
          0.4476985981308411,
          4.917640186915888
        ],
        [
          57.49296281853478,
          1.1708480697173667,
          1.2897772163917196,
          2.7880998965768637,
          0.5930886217595498,
          3.5099999999999993
        ],
        [
          56.81063520871143,
          1.202649727767695,
          1.0794192377495462,
          2.888021778584392,
          0.5502359346642469,
          3.977422867513612
        ],
        [
          62.284,
          1.216,
          0.51,
          3.4639999999999995,
          0.496,
          5.414000000000001
        ]
      ]
    }
  ]
}