{
  "info": "Instance_M004",
  "objective": 8906316202.52629,
  "outputs": [
    {
      "weight": [
        652.7,
        0.0,
        302.4999999999998,
        6.900000000000034,
        0.0,
        404.0
      ],
      "quality": [
        55.41207378669204,
        1.3245523753751554,
        5.010148598199254,
        4.387688309786984,
        0.812977820071737,
        4.999636922626454
      ]
    },
    {
      "weight": [
        0.0,
        478.0,
        0.0,
        407.4,
        410.9,
        0.0
      ],
      "quality": [
        76.2236534752758,
        1.0562362107536836,
        1.2955095271156367,
        3.5829152202422283,
        0.8233071048368433,
        4.774200416570239
      ]
    }
  ]
}