{
  "info": "Instance_M007",
  "objective": 371899.7623104667,
  "outputs": [
    {
      "weight": [
        0.0,
        728.5521824838074,
        865.4478175161926,
        0.0,
        0.0,
        0.0,
        0.0,
        0.0
      ],
      "quality": [
        69.52016813048934,
        0.39598240798092826,
        3.944294091437653,
        1.8174235451374081,
        0.44171763657506125,
        4.4430414936043965
      ]
    },
    {
      "weight": [
        0.0,
        730.7478175161924,
        854.2521824838075,
        0.0,
        0.0,
        76.70000000000016,
        0.0,
        0.0
      ],
      "quality": [
        68.87999999999998,
        0.4509695141592348,
        3.9072517411376184,
        1.9705517656923461,
        0.43548600066158283,
        4.388875163503997
      ]
    },
    {
      "weight": [
        0.0,
        0.0,
        0.0,
        0.0,
        0.0,
        335.04257812499986,
        897.7574218750001,
        0.0
      ],
      "quality": [
        85.88614488803437,
        1.606411316591296,
        1.4532326468455952,
        5.020766050226111,
        0.12066115372525954,
        4.051153861509369
      ]
    },
    {
      "weight": [
        166.8105468750001,
        0.0,
        0.0,
        0.0,
        0.0,
        935.0468749999999,
        350.64257812500006,
        0.0
      ],
      "quality": [
        64.38732031250001,
        1.45,
        2.6541328125,
        5.1351328125,
        0.288578125,
        3.5
      ]
    }
  ]
}