{
  "info": "Instance_M001",
  "objective": 205555.7809761183,
  "outputs": [
    {
      "weight": [
        [
          381.7,
          314.5,
          44.19999999999999,
          436.4
        ],
        [
          381.7,
          0.0,
          62.00000000000006,
          436.4
        ]
      ],
      "quality": [
        [
          90.97620156356219,
          1.2446872875594832,
          3.378187457511896,
          2.0719722977566275,
          0.7149609109449352,
          3.1976920462270555
        ],
        [
          90.29984206340188,
          1.438225201681627,
          2.8468139984092717,
          2.1273787069651178,
          0.8903170094307464,
          3.2586058402454268
        ]
      ]
    }
  ]
}