{
  "info": "Instance_M001",
  "objective": 462795.1215100093,
  "outputs": [
    {
      "weight": [
        612.9,
        374.4,
        0.0,
        0.0
      ],
      "quality": [
        86.14207839562442,
        0.9675296262534184,
        2.3477666362807654,
        2.42746581586144,
        0.5375569735642662,
        3.874721969006381
      ]
    },
    {
      "weight": [
        0.0,
        261.30000000000007,
        241.3255474452556,
        440.1744525547443
      ],
      "quality": [
        67.0915174708664,
        0.6023693672211058,
        4.338141542973409,
        3.262515793923365,
        0.7902438612736096,
        5.0
      ]
    }
  ]
}