{
  "info": "Instance_M002",
  "objective": 172154.8496942284,
  "outputs": [
    {
      "weight": [
        [
          227.0,
          265.0,
          342.0,
          272.0
        ],
        [
          227.0,
          0.0,
          342.0,
          81.0
        ]
      ],
      "quality": [
        [
          65.50419529837251,
          1.1390777576853526,
          3.0884448462929477,
          4.7586166365280285,
          0.682115732368897,
          4.709177215189873
        ],
        [
          60.70627692307693,
          1.0646153846153845,
          1.8810307692307693,
          4.476230769230769,
          0.4788307692307692,
          4.638676923076924
        ]
      ]
    }
  ]
}