{
  "info": "Instance_M010",
  "objective": 836551.3016976077,
  "outputs": [
    {
      "weight": [
        [
          0.0,
          825.7,
          923.4,
          59.80000000000007,
          0.0,
          0.0,
          0.0,
          0.0
        ],
        [
          0.0,
          547.4813333333335,
          868.4186666666666,
          0.0,
          0.0,
          0.0,
          0.0,
          0.0
        ],
        [
          0.0,
          196.609090909091,
          923.4,
          78.79090909090897,
          0.0,
          0.0,
          0.0,
          0.0
        ],
        [
          0.0,
          825.7,
          127.60000000000002,
          0.0,
          0.0,
          0.0,
          782.6,
          0.0
        ],
        [
          0.0,
          0.0,
          923.4,
          0.0,
          0.0,
          421.30000000000007,
          0.0,
          0.0
        ],
        [
          0.0,
          0.0,
          923.4,
          347.49473684210534,
          0.0,
          0.0,
          334.80526315789473,
          0.0
        ]
      ],
      "quality": [
        [
          55.40422024434739,
          1.4635054452982474,
          1.2880513018961801,
          1.470418486372934,
          0.7015329758416717,
          4.683924484493338
        ],
        [
          54.458666666666666,
          1.43,
          1.3306666666666664,
          1.2898666666666667,
          0.726,
          4.3726666666666665
        ],
        [
          54.675964373464375,
          1.2255405405405406,
          1.5350859950859952,
          0.9946375921375922,
          0.8399999999999999,
          3.708409090909091
        ],
        [
          67.2073241546172,
          1.3840376749812777,
          0.6688806958926206,
          2.8079520709718304,
          0.6093110202200587,
          5.427961864162682
        ],
        [
          47.33503234922288,
          0.901888897151781,
          2.291672492005652,
          1.0474239607347364,
          0.6242924072283781,
          3.645406410351751
        ],
        [
          62.47497766181661,
          0.9645168364018971,
          1.4534165784393098,
          1.5725342283903065,
          0.9099999999999999,
          3.7574705899705974
        ]
      ]
    }
  ]
}