{
  "info": "Instance_M006",
  "objective": 822550.7847268924,
  "outputs": [
    {
      "weight": [
        [
          140.0,
          331.0,
          0.0,
          310.0,
          401.0,
          0.0
        ],
        [
          38.0,
          331.0,
          0.0,
          310.0,
          401.0,
          425.0
        ],
        [
          713.0,
          102.0,
          0.0,
          0.0,
          0.0,
          0.0
        ],
        [
          0.0,
          0.0,
          0.0,
          0.0,
          367.4468085106385,
          417.5531914893615
        ]
      ],
      "quality": [
        [
          62.66960236886633,
          0.8804737732656512,
          3.082216582064298,
          3.4655245346869714,
          0.437419627749577,
          3.103849407783418
        ],
        [
          73.8647242524917,
          1.1397209302325582,
          2.288671096345515,
          3.754073089700997,
          0.7018405315614618,
          3.315382059800664
        ],
        [
          49.07947239263803,
          0.23376687116564418,
          3.383619631901841,
          3.94360736196319,
          0.19758282208588956,
          2.5061963190184047
        ],
        [
          90.14595744680852,
          1.7102127659574466,
          0.5431914893617021,
          4.484893617021276,
          1.0004255319148936,
          3.5
        ]
      ]
    }
  ]
}