{
  "info": "Instance_M008",
  "objective": 439571.16920781723,
  "outputs": [
    {
      "weight": [
        [
          0.0,
          0.0,
          0.0,
          0.0,
          369.0,
          584.0,
          0.0,
          0.0
        ],
        [
          0.0,
          0.0,
          478.0,
          0.0,
          369.0,
          578.0,
          0.0,
          0.0
        ],
        [
          0.0,
          0.0,
          0.0,
          0.0,
          369.0,
          9.0,
          0.0,
          731.0
        ],
        [
          0.0,
          0.0,
          478.0,
          0.0,
          369.0,
          82.0,
          518.0,
          0.0
        ]
      ],
      "quality": [
        [
          53.42835257082896,
          1.414449108079748,
          2.8560755508919202,
          1.669139559286464,
          0.18679958027282267,
          5.119338929695697
        ],
        [
          50.66151578947369,
          1.1435298245614034,
          2.190835087719299,
          2.0584350877192983,
          0.16815438596491228,
          4.946701754385964
        ],
        [
          85.12089269612264,
          0.9823985572587918,
          5.954770063119928,
          1.4286654643823264,
          0.11385933273219118,
          4.480261496844004
        ],
        [
          65.79324118866622,
          0.972543192812716,
          1.827366966136835,
          2.5518521078092604,
          0.6251831375259158,
          5.200034554250172
        ]
      ]
    }
  ]
}